strategy,symbol,timeframe,direction,signal_time,entry_time,exit_time,entry_price,stop,target,exit_price,size,risk_amount,gross_pnl,commission,net_pnl,r_multiple,exit_reason,hold_bars,equity_after
gold_zigzag_reversal_daily,XAUUSD,15min,SHORT,2026-01-19T11:30:00,2026-01-19T11:45:00,2026-01-20T15:30:00,4679.91851000,4690.334987820,4588.36075000,4690.584987820,9.600174044243296819116156866,100.000,-102.4000435110608242047790392,3.594242576710061098176465948,-105.9942860877708853029555051,-1.059942860877708853029555051,stop,111,9894.005713912229114697044495
gold_zigzag_reversal_daily,XAUUSD,15min,SHORT,2026-01-20T17:45:00,2026-01-20T18:00:00,2026-01-20T18:15:00,4712.94262000,4720.279160930,4665.38671000,4720.529160930,13.48592723507402161347588160,98.94005713912229114697044495,-102.3115389478907965503394153,5.084672098911929225356131898,-107.3962110468027257756955472,-1.085467445160153969181222846,stop,1,9786.609502865426388921348948
gold_zigzag_reversal_daily,XAUUSD,15min,SHORT,2026-01-21T02:00:00,2026-01-21T02:15:00,2026-01-21T03:45:00,4744.04951000,4753.654735225,4715.64562000,4753.904735225,10.18883917203037411225445674,97.86609502865426388921348948,-100.4133048216618574172771037,3.866908598523160160988595240,-104.2802134201850175782656989,-1.065539739678514409848208427,stop,6,9682.329289445241371343083249
gold_zigzag_reversal_daily,XAUUSD,15min,SHORT,2026-01-21T06:00:00,2026-01-21T06:15:00,2026-01-21T10:30:00,4759.30381000,4768.900305615,4723.12797000,4769.150305615,10.08944272772977385593593401,96.82329289445241371343083249,-99.34565357638485717741481595,3.841497857188888429039542548,-103.1871514335737456064543585,-1.065726524567374587395150912,stop,17,9579.142138011667625736628890
gold_zigzag_reversal_daily,XAUUSD,15min,SHORT,2026-01-21T13:30:00,2026-01-21T13:45:00,2026-01-21T14:00:00,4832.26106000,4846.599247385,4757.36886000,4846.849247385,6.680859916807167341771094373,95.79142138011667625736628890,-97.46163635931846809280906249,2.582692737864169141963533662,-100.0443290971826372347725962,-1.044397584416142012918741054,stop,1,9479.097808914484988501856294
gold_zigzag_reversal_daily,XAUUSD,15min,LONG,2026-01-22T06:15:00,2026-01-22T06:30:00,2026-01-22T06:30:00,4811.92029000,4794.173981335,4880.13550000,4793.923981335,5.341447614742299416948553506,94.79097808914484988501856294,-96.12633999283042473925570132,2.056209612428045894853593160,-98.18254960525847063410929448,-1.035779475900375927559129943,stop,0,9380.915259309226517867747000
gold_zigzag_reversal_daily,XAUUSD,15min,LONG,2026-01-22T12:00:00,2026-01-22T12:15:00,2026-01-22T18:00:00,4787.77790000,4770.671814165,4832.68575000,4832.53575000,5.483963631303283775360377174,93.80915259309226517867747000,245.4504216153276797250134575,2.100479990268608820567918270,243.3499416250590709044455392,2.594095937318789912408971610,target,23,9624.265200934285588772192539
gold_zigzag_reversal_daily,XAUUSD,15min,SHORT,2026-01-22T19:45:00,2026-01-22T20:00:00,2026-01-23T01:30:00,4831.09248000,4841.789007035,4793.64429000,4842.039007035,8.997560768502545638423838695,96.24265200934285588772192539,-98.49204220146849229732788506,3.477443853364453527571696494,-101.9694860548329458248995816,-1.059504117207141710365433579,stop,22,9522.295714879452642947292957
gold_zigzag_reversal_daily,XAUUSD,15min,SHORT,2026-01-23T09:30:00,2026-01-23T09:45:00,2026-01-23T10:00:00,4936.34198000,4943.844320910,4915.04713000,4944.094320910,12.69243270748603270675324851,95.22295714879452642947292957,-98.39606532566603460616124170,5.012335072183069081119927210,-103.4084003978491036872811689,-1.085960817581668652804528447,stop,1,9418.887314481603539260011788
gold_zigzag_reversal_daily,XAUUSD,15min,SHORT,2026-01-23T10:30:00,2026-01-23T10:45:00,2026-01-23T10:45:00,4937.09666000,4944.274055425,4915.04713000,4944.524055425,13.12298787617877907188039844,94.18887314481603539260011788,-97.46962011386073016057021752,5.183156769016219497492689204,-102.6527768828769496580629067,-1.089860972485015342456208618,stop,0,9316.234537598726589601948881
gold_zigzag_reversal_daily,XAUUSD,15min,LONG,2026-01-23T20:00:00,2026-01-23T20:15:00,2026-01-24T02:30:00,4912.53295000,4899.277193955,4959.79220000,4959.64220000,7.028067283354056769382820126,93.16234537598726589601948881,331.0869786683470988630476190,2.762048968343503231661092402,328.3249297000035956313865266,3.524223530171341501932415805,target,25,9644.559467298730185233335408
gold_zigzag_reversal_daily,XAUUSD,15min,SHORT,2026-01-24T04:00:00,2026-01-24T04:15:00,2026-01-26T10:00:00,4984.86861000,4992.343872610,4923.30317000,4992.593872610,12.90196742305315503187831873,96.44559467298730185233335408,-99.67108652875059061030293375,5.145168993153621030389902430,-104.8162555219042116406928362,-1.086791531301132442757084624,stop,215,9539.743211776825973592642572
gold_zigzag_reversal_daily,XAUUSD,15min,SHORT,2026-01-26T20:15:00,2026-01-26T20:30:00,2026-01-27T03:00:00,5096.05870000,5103.002079170,5052.61166000,5103.252079170,13.73933783278729681356670397,95.39743211776825973592642572,-98.83226657596508393931810174,5.601317767601187934100710384,-104.4335843435662718734188121,-1.094721126399323515555610943,stop,26,9435.309627433259701719223760
gold_zigzag_reversal_daily,XAUUSD,15min,SHORT,2026-01-27T04:00:00,2026-01-27T04:15:00,2026-01-27T06:00:00,5094.71929000,5109.747015680,5056.00428000,5056.15428000,6.278601185800498124157416587,94.35309627433259701719223760,242.1343175164080681631120123,2.559016846041173750780288422,239.5753006703668944123317239,2.539135546477449407367675613,target,7,9674.884928103626596131555484
gold_zigzag_reversal_daily,XAUUSD,15min,LONG,2026-01-27T09:30:00,2026-01-27T09:45:00,2026-01-27T10:45:00,5010.98912000,4991.686525130,5059.35452000,5059.20452000,5.012219856067272159523677287,96.74884928103626596131555484,241.6661852482259540802979099,2.009294333264085342356164102,239.6568909149618687379417458,2.477103269919066586097809968,target,4,9914.541819018588464869497230
gold_zigzag_reversal_daily,XAUUSD,15min,LONG,2026-01-28T02:00:00,2026-01-28T02:15:00,2026-01-28T03:00:00,5055.22561000,5044.464069325,5092.69521000,5092.54521000,9.212939037670448116267977800,99.14541819018588464869497230,343.8231997102460555198744243,3.725878829328032324602731120,340.0973208809180231952716932,3.430287824582329146844022870,target,3,10254.63913989950648806476892
gold_zigzag_reversal_daily,XAUUSD,15min,SHORT,2026-01-28T09:30:00,2026-01-28T09:45:00,2026-01-28T12:00:00,5180.86858000,5196.611116205,5077.42801000,5196.861116205,6.513968909687196420879864777,102.5463913989950648806476892,-104.1748836264168639858676554,2.699841348423620285217995790,-106.8747249748404842710856512,-1.042208541098286138577122618,stop,9,10147.76441492466600379368327
gold_zigzag_reversal_daily,XAUUSD,15min,SHORT,2026-01-28T14:45:00,2026-01-28T15:00:00,2026-01-28T16:00:00,5234.68781000,5252.834892000,5159.49412000,5253.084892000,5.591953800023974104373189734,101.4776441492466600379368327,-102.8756325992526535640301301,2.341770591285493996153440320,-105.2174031905381475601835704,-1.036853033716384816027171751,stop,4,10042.54701173412785623349970
gold_zigzag_reversal_daily,XAUUSD,15min,SHORT,2026-01-28T17:15:00,2026-01-28T17:30:00,2026-01-28T18:00:00,5255.87624000,5272.393090935,5159.49412000,5272.643090935,6.080182627581561966935254477,100.4254701173412785623349970,-101.9455157742366690540688106,2.556534992573336016328213570,-104.5020507668100050703970242,-1.040593095005733912316137277,stop,2,9938.044960967317851163102676
gold_zigzag_reversal_daily,XAUUSD,15min,SHORT,2026-01-29T04:45:00,2026-01-29T05:00:00,2026-01-29T05:15:00,5298.73428000,5314.187606545,5249.61746000,5314.437606545,6.431006898112058144671207863,99.38044960967317851163102676,-100.9882013342011930477988287,2.726095736475426381801802274,-103.7142970706766194296006310,-1.043608652184861987590905464,stop,1,9834.330663896641231733502045
gold_zigzag_reversal_daily,XAUUSD,15min,SHORT,2026-01-29T09:30:00,2026-01-29T09:45:00,2026-01-29T10:00:00,5416.16093000,5425.551001800,5270.94374000,5425.801001800,10.47311551323456465128786560,98.34330663896641231733502045,-100.9615855172750534801569869,4.537926324652635759189152948,-105.4995118419276892393461398,-1.072767587826112256138446141,stop,1,9728.831152054713542494155905
gold_zigzag_reversal_daily,XAUUSD,15min,SHORT,2026-01-29T13:45:00,2026-01-29T14:00:00,2026-01-29T17:00:00,5535.99063000,5565.011557670,5453.04102000,5565.261557670,3.352350160092147578993692418,97.28831152054713542494155905,-98.12639906057017231968998215,1.484686325979930314710901285,-99.61108538655010263440088344,-1.023875158584825486386665875,stop,12,9629.220066668163439859755022
gold_zigzag_reversal_daily,XAUUSD,15min,SHORT,2026-01-30T10:45:00,2026-01-30T11:00:00,2026-01-30T12:00:00,5439.03263000,5459.966374095,5373.90531000,5374.05531000,4.599855631639297270133059311,96.29220066668163439859755022,298.8862913308287432965622374,2.001501189902031859401890722,296.8847901409267114371603467,3.083165490926958806888004045,target,4,9926.104856809090151296915369
gold_zigzag_reversal_daily,XAUUSD,15min,LONG,2026-01-30T14:30:00,2026-01-30T14:45:00,2026-01-30T19:30:00,5159.16559000,5105.467359670,5451.71009000,5105.217359670,1.848497575396557794029804738,99.26104856809090151296915369,-99.72317296194004096147660489,0.7629364067347481260323900832,-100.4861093686747890875089950,-1.012341807972575695121608676,stop,19,9825.618747440415362209406374
gold_zigzag_reversal_daily,XAUUSD,15min,SHORT,2026-02-02T21:45:00,2026-02-02T22:00:00,2026-02-02T22:15:00,4706.97688000,4751.435489855,4410.84530000,4751.685489855,2.210059824066987881803036726,98.25618747440415362209406374,-98.80870243042090059254482294,0.8322160396240143624709653264,-99.64091847004491495501578827,-1.014093066617321024195573108,stop,1,9725.977828970370447254390586
gold_zigzag_reversal_daily,XAUUSD,15min,SHORT,2026-02-03T16:30:00,2026-02-03T16:45:00,2026-02-03T17:00:00,4821.42158000,4840.740002235,4746.45067000,4840.990002235,5.034561161702639660342008559,97.25977828970370447254390586,-98.51841858012936438762940799,1.941899346469038112106946420,-100.4603179265984024997363544,-1.032907124539821406383087060,stop,1,9625.517511043772044754654232
gold_zigzag_reversal_daily,XAUUSD,15min,SHORT,2026-02-03T20:30:00,2026-02-03T20:45:00,2026-02-04T03:15:00,4920.87288000,4955.637387545,4811.51813000,4955.887387545,2.768777178443927255910926275,96.25517511043772044754654232,-96.94736940504870226152427390,1.089984042253411378744391744,-98.03735344730211364026866564,-1.018515143054070838269945642,stop,26,9527.480157596469931114385566
gold_zigzag_reversal_daily,XAUUSD,15min,SHORT,2026-02-04T14:00:00,2026-02-04T14:15:00,2026-02-04T15:45:00,5050.09028000,5079.855735985,4932.24828000,5080.105735985,3.200851403854772806738302540,95.27480157596469931114385566,-96.07501442692839251282843130,1.293167084986507414633393613,-97.36818151191489992746182491,-1.021972020947019266703163862,stop,6,9430.111976084555031186923741
gold_zigzag_reversal_daily,XAUUSD,15min,LONG,2026-02-05T00:00:00,2026-02-05T00:15:00,2026-02-05T01:30:00,5031.23387000,5009.115124865,5090.97076000,5008.865124865,4.263402791853071836205197877,94.30111976084555031186923741,-95.36697045880881827092053687,1.716014122225898806868694706,-97.08298458103471707778923158,-1.029499806865964867043529954,stop,5,9333.028991503520314109134509
gold_zigzag_reversal_daily,XAUUSD,15min,SHORT,2026-02-05T11:30:00,2026-02-05T11:45:00,2026-02-05T13:15:00,5017.84813000,5032.989858645,4918.70715000,4918.85715000,6.163780378263092505782476007,93.33028991503520314109134509,610.1586601490342249780629668,2.474313107583852110252608914,607.6843470414503728678103579,6.511116033119215893860050086,target,6,9940.713338544970686976944867
gold_zigzag_reversal_daily,XAUUSD,15min,LONG,2026-02-06T09:15:00,2026-02-06T09:30:00,2026-02-06T10:00:00,4776.35778000,4748.673564515,4913.09643000,4748.423564515,3.590751323233666372748559346,99.40713338544970686976944867,-100.3048212162581234629565885,1.372057041501793370992156914,-101.6768782577599168339487454,-1.022832816871494597817749936,stop,2,9839.036460287210770142996122
gold_zigzag_reversal_daily,XAUUSD,15min,SHORT,2026-02-06T14:15:00,2026-02-06T14:30:00,2026-02-06T16:30:00,4812.32786000,4856.337365020,4654.91557000,4856.587365020,2.235661695312384763136560294,98.39036460287210770142996122,-98.94928002670020389221410128,0.8606989649509296478945256072,-99.80997899165113354010862689,-1.014428388333643657962686171,stop,8,9739.226481295559636602887495
gold_zigzag_reversal_daily,XAUUSD,15min,SHORT,2026-02-07T01:30:00,2026-02-07T01:45:00,2026-02-07T01:45:00,4931.63258000,4946.721624720,4874.71489000,4946.971624720,6.454501701082876528583108007,97.39226481295559636602887495,-99.00589023822631549817465196,2.546498470138058813478220534,-101.5523887083643743116528725,-1.042715136601437549454091617,stop,0,9637.674092587195262291234622
gold_zigzag_reversal_daily,XAUUSD,15min,SHORT,2026-02-07T03:45:00,2026-02-07T04:00:00,2026-02-07T05:00:00,4950.95979000,4969.303556415,4900.09317000,4969.553556415,5.253923253572565327659420385,96.37674092587195262291234622,-97.69022173926509395482720131,2.080957021454699582751197212,-99.77117876071979353757839852,-1.035220508623119643011437681,stop,4,9537.902913826475468753656223
gold_zigzag_reversal_daily,XAUUSD,15min,SHORT,2026-02-08T11:45:00,2026-02-08T12:00:00,2026-02-08T12:30:00,4993.11977000,5001.988550060,4958.95150000,5002.238550060,10.75447000523144720848298523,95.37902913826475468753656223,-98.06764663957261648965730856,4.295868543919451398591016420,-102.3635151834920678882483250,-1.073228739150850021192204422,stop,2,9435.539398642983400865407898
gold_zigzag_reversal_daily,XAUUSD,15min,SHORT,2026-02-08T14:15:00,2026-02-08T14:30:00,2026-02-08T15:15:00,4999.16405000,5005.717249070,4985.17216000,5005.967249070,14.39837138755344326944947805,94.35539398642983400865407898,-97.95498683331819482601644848,5.758385649536463283707703516,-103.7133724828546581097241520,-1.099177991856731433003758880,stop,3,9331.826026160128742755683746
gold_zigzag_reversal_daily,XAUUSD,15min,SHORT,2026-02-08T16:00:00,2026-02-08T16:15:00,2026-02-08T16:30:00,5009.83329000,5017.059541860,4987.97285000,5017.309541860,12.91378463822340222550129016,93.31826026160128742755683746,-96.54670642115713798393215999,5.175672654436976554110116030,-101.7223790755941145380422760,-1.090058674373411612586666748,stop,1,9230.103647084534628217641470
gold_zigzag_reversal_daily,XAUUSD,15min,SHORT,2026-02-08T17:30:00,2026-02-08T17:45:00,2026-02-09T09:15:00,5022.83291000,5032.624204485,4987.97285000,5032.874204485,9.426847145926215728785366494,92.30103647084534628217641470,-94.65774825732690021437275632,3.787958246567821503544221852,-98.44570650389472171791697817,-1.066572058862960447461202062,stop,62,9131.657940580639906499724492
gold_zigzag_reversal_daily,XAUUSD,15min,SHORT,2026-02-10T21:30:00,2026-02-10T21:45:00,2026-02-11T01:15:00,5054.60193000,5065.397456155,5018.99805000,5065.647456155,8.458742825009291922279377306,91.31657940580639906499724492,-93.43126511205872204556708925,3.420446224693249537462940042,-96.85171133675197158303002929,-1.060614753278785419236474445,stop,14,9034.806229243887934916694463
gold_zigzag_reversal_daily,XAUUSD,15min,LONG,2026-02-11T03:15:00,2026-02-11T03:30:00,2026-02-11T21:30:00,5014.25972000,5000.039141540,5077.46195000,5077.31195000,6.353332429237824362678348081,90.34806229243887934916694463,400.5917775947620264151986192,2.548580711015757840177016968,398.0431968837462685750216022,4.405663904504767944580504779,target,72,9432.849426127634203491716065
gold_zigzag_reversal_daily,XAUUSD,15min,LONG,2026-02-12T02:15:00,2026-02-12T02:30:00,2026-02-13T03:00:00,5049.58458000,5031.165314210,5115.80964000,5030.915314210,5.121186443407978100245284568,94.32849426127634203491716065,-95.60879087212833655997848179,2.068789127675037509118102654,-97.67757999980337406909658444,-1.035504496968334371377785520,stop,98,9335.171846127830829422619481
gold_zigzag_reversal_daily,XAUUSD,15min,SHORT,2026-02-13T14:15:00,2026-02-13T14:30:00,2026-02-13T15:15:00,4978.06656000,4996.229621270,4892.56375000,4996.479621270,5.139646729897217832499564916,93.35171846127830829422619481,-94.63663014375261275235108605,2.046840281305175386320141226,-96.68347042505778813867122728,-1.035690312065990184263690479,stop,3,9238.488375702773041283948254
gold_zigzag_reversal_daily,XAUUSD,15min,SHORT,2026-02-14T04:30:00,2026-02-14T04:45:00,2026-02-14T06:00:00,5020.98129000,5037.648264820,4976.64293000,5037.898264820,5.542990539960972378359870981,92.38488375702773041283948254,-93.77063139201797350742945028,2.226500143343283171356137046,-95.99713153536125667878558733,-1.039099987264515468920592033,stop,5,9142.491244167411784605162667
gold_zigzag_reversal_daily,XAUUSD,15min,SHORT,2026-02-14T09:30:00,2026-02-14T09:45:00,2026-02-16T10:00:00,5042.97076000,5048.153277260,5023.95409000,5024.10409000,17.64102420792981938781842603,91.42491244167411784605162667,332.8273821930232855495722638,7.117053540563379144387953812,325.7103286524599064051843100,3.562599295462838458544757455,target,193,9468.201572819871691010346977
gold_zigzag_reversal_daily,XAUUSD,15min,LONG,2026-02-18T01:45:00,2026-02-18T02:00:00,2026-02-18T23:45:00,4866.32791000,4845.973699520,4943.24879000,4943.09879000,4.651716450570905018473773283,94.68201572819871691010346977,357.1163654208048806646478319,1.810942207425546442028639082,355.3054232133793342226191928,3.752617859693077124944813875,target,87,9823.506996033251025232966170
gold_zigzag_reversal_daily,XAUUSD,15min,SHORT,2026-02-19T01:15:00,2026-02-19T01:30:00,2026-02-19T01:30:00,4961.95111000,4972.266146185,4907.00007000,4972.516146185,9.523482826282737877989291969,98.23506996033251025232966170,-100.6159406669031947218269847,3.780404494475165471002240948,-104.3963451613783601928292256,-1.062719711031241525402365808,stop,0,9719.110650871872665040136944
gold_zigzag_reversal_daily,XAUUSD,15min,SHORT,2026-02-19T03:00:00,2026-02-19T03:15:00,2026-02-19T17:30:00,4998.52137000,5009.850618440,4907.00007000,5010.100618440,8.578777932485583893718670136,97.19110650871872665040136944,-99.33580099184012262383103697,3.430496385921088664774446516,-102.7662973777612112886054835,-1.057363179300179597791572483,stop,57,9616.344353494111453751531460
gold_zigzag_reversal_daily,XAUUSD,15min,SHORT,2026-02-19T19:30:00,2026-02-19T19:45:00,2026-02-20T00:30:00,5019.28179000,5024.359069505,4976.71778000,4976.86778000,18.93995464308028370746851657,96.16344353494111453751531460,803.3194256311535839714067365,7.605197555475105401674432978,795.7142280756784785697323035,8.274602061089406185842825686,target,19,10412.05858156978993232126376
gold_zigzag_reversal_daily,XAUUSD,15min,SHORT,2026-02-20T19:30:00,2026-02-20T19:45:00,2026-02-20T20:00:00,5022.91849000,5033.547133780,4982.65819000,5033.797133780,9.796224990776565410795302578,104.1205858156978993232126376,-106.5696420633920406759114632,3.936451171069735188846253674,-110.5060932344617758647577169,-1.061328001266404282485041567,stop,1,10301.55248833532815645650604
gold_zigzag_reversal_daily,XAUUSD,15min,SHORT,2026-02-20T21:45:00,2026-02-20T22:00:00,2026-02-21T00:45:00,5034.29339000,5045.085444620,5006.54025000,5045.335444620,9.545496989279811629100618877,103.0155248833532815645650604,-105.4018991306732344718402151,3.844386591791700523586110180,-109.2462857224649349954263253,-1.060483707151585932206855343,stop,11,10192.30620261286322146107971
gold_zigzag_reversal_daily,XAUUSD,15min,SHORT,2026-02-21T05:30:00,2026-02-21T05:45:00,2026-02-21T07:15:00,5067.36195000,5082.480272895,5016.51146000,5082.730272895,6.741691041658932117589938345,101.9230620261286322146107971,-103.6084847865433652440082817,2.733007093052666999224654342,-106.3414918795960322432329360,-1.043350638860660476718836478,stop,6,10085.96471073326718921784677
gold_zigzag_reversal_daily,XAUUSD,15min,SHORT,2026-02-21T09:30:00,2026-02-21T09:45:00,2026-02-23T10:00:00,5098.36151000,5108.842458150,5058.80171000,5109.092458150,9.623141500545699378560370771,100.8596471073326718921784677,-103.2654324824690967368185604,3.924980338533267016614649084,-107.1904128210023637534332095,-1.062768073211010017256883386,stop,193,9978.774297912264825464413560
gold_zigzag_reversal_daily,XAUUSD,15min,SHORT,2026-02-23T13:15:00,2026-02-23T13:30:00,2026-02-23T13:30:00,5161.46860000,5171.770523045,5132.23054000,5172.020523045,9.686321917105977397120435935,99.78774297912264825464413560,-102.2093234583991426039242446,3.999651713970744416603748840,-106.2089751723698870205279934,-1.064348907005449291822000792,stop,0,9872.565322739894938443885567
gold_zigzag_reversal_daily,XAUUSD,15min,SHORT,2026-02-23T14:15:00,2026-02-23T14:30:00,2026-02-23T18:15:00,5163.14955000,5172.297347600,5132.23054000,5132.38054000,10.79228657479248878270315640,98.72565322739894938443885567,332.0679735426558352798812463,4.457775165768870384143507980,327.6101983768869648957377383,3.318389776791738374272732049,target,15,10200.17552111678190333962331
gold_zigzag_reversal_daily,XAUUSD,15min,LONG,2026-02-23T19:15:00,2026-02-23T19:30:00,2026-02-23T21:45:00,5128.70276000,5119.183902810,5161.81537000,5161.66537000,10.71575643747711473265586760,102.0017552111678190333962331,353.2193003035475168577896279,4.396634369310131661296704824,348.8226659342373851964929231,3.419771210917809767035700217,target,9,10548.99818705101928853611623
gold_zigzag_reversal_daily,XAUUSD,15min,SHORT,2026-02-23T23:30:00,2026-02-23T23:45:00,2026-02-24T01:30:00,5162.94216000,5167.503146040,5120.90226000,5167.753146040,23.12876666259434393825971068,105.4899818705101928853611623,-111.2721735361587788699260900,9.552998760888866663710519784,-120.8251722970476455336366098,-1.145371059456257401743768547,stop,7,10428.17301475397164300247962
gold_zigzag_reversal_daily,XAUUSD,15min,SHORT,2026-02-24T05:00:00,2026-02-24T05:15:00,2026-02-24T07:00:00,5213.67384000,5223.114134120,5180.70973000,5223.364134120,11.04644927604646669949567167,104.2817301475397164300247962,-107.0433424665513331048987141,4.607406689232832164447337966,-111.6507491557841652693460521,-1.070664525778567585561624430,stop,7,10316.52226559818747773313357
gold_zigzag_reversal_daily,XAUUSD,15min,LONG,2026-02-26T23:00:00,2026-02-26T23:15:00,2026-02-27T01:00:00,5168.33166000,5162.825778750,5190.44804000,5162.575778750,18.73727709909869101832360364,103.1652226559818747773313357,-107.8495419307565475319122366,7.747236996277177780364761666,-115.5967789270337253122769983,-1.120501424326941304809289158,stop,7,10200.92548667115375242085657
gold_zigzag_reversal_daily,XAUUSD,15min,SHORT,2026-02-28T02:00:00,2026-02-28T02:15:00,2026-02-28T02:45:00,5238.07799000,5243.970828115,5184.20688000,5244.220828115,17.31071732770849034671107127,102.0092548667115375242085657,-106.3369341986386601108863335,7.253990994030516833698778504,-113.5909251926691769445851120,-1.113535485982037706121509499,stop,2,10087.33456147848457547627146
gold_zigzag_reversal_daily,XAUUSD,15min,SHORT,2026-02-28T09:30:00,2026-02-28T09:45:00,2026-03-02T10:00:00,5277.73876000,5283.779296150,5223.55571000,5284.029296150,16.69940268709174859499230289,100.8733456147848457547627146,-105.0481962865577829035107903,7.050806786440981858877313508,-112.0990030729987647623881038,-1.111284674755236751625102020,stop,193,9975.235558405485810713883356
gold_zigzag_reversal_daily,XAUUSD,15min,SHORT,2026-03-02T15:45:00,2026-03-02T16:00:00,2026-03-02T17:00:00,5355.81544000,5373.172074280,5305.31064000,5373.422074280,5.747217690644044503491078546,99.75235558405485810713883356,-101.1891600067158692330116032,2.462482979567401367667572190,-103.6516429862832706006791754,-1.039089677425639690323647241,stop,4,9871.583915419202540113204181
gold_zigzag_reversal_daily,XAUUSD,15min,SHORT,2026-03-02T19:00:00,2026-03-02T19:15:00,2026-03-03T01:15:00,5411.23279000,5423.411675540,5343.04300000,5343.19300000,8.105490344742333903331194441,98.71583915419202540113204181,551.4958609032960028925347702,3.508855610599849705506755968,547.9870052926961531870280142,5.551155822489156918375964965,target,24,10419.57092071189869330023220
gold_zigzag_reversal_daily,XAUUSD,15min,LONG,2026-03-03T02:45:00,2026-03-03T03:00:00,2026-03-03T03:00:00,5313.58102000,5284.899132355,5417.20440000,5284.649132355,3.632805152044552154614728880,104.1957092071189869330023220,-105.1039104951301249716560042,1.544256360420971721852874303,-106.6481668555510966935088785,-1.023537031103239997368729669,stop,0,10312.92275385634759660672332
gold_zigzag_reversal_daily,XAUUSD,15min,LONG,2026-03-03T21:45:00,2026-03-03T22:00:00,2026-03-03T22:00:00,5246.40849000,5224.093360845,5335.79115000,5223.843360845,4.621493643269190209894943949,103.1292275385634759660672332,-104.2846009493807735185409692,1.939699478922280869809417275,-106.2243004283030543883503865,-1.030011597716876400485256345,stop,0,10206.69845342804454221837293
gold_zigzag_reversal_daily,XAUUSD,15min,SHORT,2026-03-04T22:00:00,2026-03-04T22:15:00,2026-03-05T01:45:00,5194.38597000,5206.872471760,5149.14733000,5149.29733000,8.174185732408085242778496937,102.0669845342804454221837293,368.5629177816844886009522481,3.396790054767578583972213464,365.1661277269169100169800346,3.577710553448077998749266984,target,14,10571.86458115496145223535296
gold_zigzag_reversal_daily,XAUUSD,15min,LONG,2026-03-05T06:15:00,2026-03-05T06:30:00,2026-03-06T00:15:00,5125.95245000,5104.653525290,5203.82419000,5104.403525290,4.963567281024001259186268545,105.7186458115496145223535296,-106.9595376318056148371500967,2.035440789192385421066315060,-108.9949784209980002582164118,-1.030991057294553908961162763,stop,71,10462.86960273396345197713655
gold_zigzag_reversal_daily,XAUUSD,15min,LONG,2026-03-06T01:45:00,2026-03-06T02:00:00,2026-03-06T02:00:00,5107.73348000,5087.992515105,5171.66924000,5087.742515105,5.300080142173802012617953419,104.6286960273396345197713655,-105.9537160628830850229258538,2.165711743109143081499208250,-108.1194278059922281044250620,-1.033363043898974523757694975,stop,0,10354.75017492797122387271149
gold_zigzag_reversal_daily,XAUUSD,15min,LONG,2026-03-06T03:00:00,2026-03-06T03:15:00,2026-03-06T03:30:00,5081.85768000,5059.819910105,5171.66924000,5059.569910105,4.698637940346808954587603697,103.5475017492797122387271149,-104.7221612343664144773740158,1.910224744215265035949102806,-106.6323859785816795133231186,-1.029791971580071713966863705,stop,1,10248.11778894938954435938837
gold_zigzag_reversal_daily,XAUUSD,15min,LONG,2026-03-06T04:30:00,2026-03-06T04:45:00,2026-03-06T12:30:00,5063.02926000,5048.684048475,5104.17268000,5104.02268000,7.143929367015304115119618893,102.4811778894938954435938837,292.8540969923925080188268875,2.893593873325741088211923108,289.9605031190667669306149644,2.829402521424305034777101343,target,31,10538.07829206845631129000333
gold_zigzag_reversal_daily,XAUUSD,15min,SHORT,2026-03-06T14:15:00,2026-03-06T14:30:00,2026-03-06T22:45:00,5135.80073000,5150.542377965,5072.38392000,5072.53392000,7.148507627565271540718143401,105.3807829206845631129000333,452.2632738567227971650220421,2.937064855364823176117477248,449.3262090013579739889045649,4.263834415991631638450945739,target,33,10987.40450106981428527890789
gold_zigzag_reversal_daily,XAUUSD,15min,SHORT,2026-03-07T08:00:00,2026-03-07T08:15:00,2026-03-09T09:00:00,5165.38537000,5180.114683820,5125.39567000,5180.364683820,7.459549463974835920278401598,109.8740450106981428527890789,-111.7389323766918518328586793,3.082515813440556760860523356,-114.8214481901324085937192027,-1.045027951587224719745973883,stop,195,10872.58305287968187668518869
gold_zigzag_reversal_daily,XAUUSD,15min,LONG,2026-03-09T11:45:00,2026-03-09T12:00:00,2026-03-09T12:00:00,5051.18887000,5019.462127705,5204.69053000,5019.212127705,3.426945934689662368528148531,108.7258305287968187668518869,-109.5825670124692343589839240,1.384812093071693556797377771,-110.9673791055409279157813018,-1.020616522916791321956302983,stop,0,10761.61567377414094876940739
gold_zigzag_reversal_daily,XAUUSD,15min,SHORT,2026-03-10T18:30:00,2026-03-10T18:45:00,2026-03-10T19:30:00,5177.52994000,5185.243984230,5155.26987000,5185.493984230,13.95067924542369515136861925,107.6161567377414094876940739,-111.1038265490973332755362287,5.778404758121423170531508652,-116.8822313072187564460677374,-1.086103005815925947834499259,stop,3,10644.73344246692219232333965
gold_zigzag_reversal_daily,XAUUSD,15min,SHORT,2026-03-11T03:30:00,2026-03-11T03:45:00,2026-03-11T05:15:00,5228.92892000,5243.637503670,5189.19882000,5189.34882000,7.237089363116715501080832244,106.4473344246692219232333965,286.4447207010959112043294483,3.027378069394030001521108398,283.4173426317018812028083399,2.662512350952958885401642482,target,6,10928.15078509862407352614799
gold_zigzag_reversal_daily,XAUUSD,15min,LONG,2026-03-11T22:45:00,2026-03-11T23:00:00,2026-03-11T23:45:00,5180.24988000,5174.857204250,5196.64742000,5174.607204250,20.26480228316828445234473441,109.2815078509862407352614799,-114.3477084217783118483476635,8.398139167648498524325174088,-122.7458475894268103726728376,-1.123207851019041892144173512,stop,3,10805.40493750919726315347515
gold_zigzag_reversal_daily,XAUUSD,15min,LONG,2026-03-12T10:45:00,2026-03-12T11:00:00,2026-03-12T11:00:00,5135.87582000,5128.530758370,5183.76903000,5128.280758370,14.71111541579971366850665234,108.0540493750919726315347515,-111.7318282290419010486614146,6.044356955938799631440544900,-117.7761851849807006801019595,-1.089974747509368413563604095,stop,0,10687.62875232421656247337319
gold_zigzag_reversal_daily,XAUUSD,15min,SHORT,2026-03-12T18:15:00,2026-03-12T18:30:00,2026-03-12T18:30:00,5169.08250000,5174.386757015,5138.11143000,5174.636757015,20.14915325954320590642301896,106.8762875232421656247337319,-111.9135758381279671013394866,8.332210840297819491583029192,-120.2457866784257865929225158,-1.125093221939208765885941897,stop,0,10567.38296564579077588045067
gold_zigzag_reversal_daily,XAUUSD,15min,SHORT,2026-03-12T20:15:00,2026-03-12T20:30:00,2026-03-12T21:00:00,5179.78877000,5190.002254395,5138.11143000,5190.252254395,10.34650130842618355601888661,105.6738296564579077588045067,-108.2604549835644536478092284,4.287415302894100156594023582,-112.5478702864585538044032520,-1.065049602653257884573289154,stop,2,10454.83509535933222207604742
gold_zigzag_reversal_daily,XAUUSD,15min,LONG,2026-03-13T03:00:00,2026-03-13T03:15:00,2026-03-13T04:30:00,5123.31529000,5111.497893740,5185.61521000,5111.247893740,8.846986988789806581366213254,104.5483509535933222207604742,-106.7600977007907738661020275,3.626072296807829972356491956,-110.3861699975986038384585195,-1.055838461255085305906463697,stop,5,10344.44892536173361823758890
gold_zigzag_reversal_daily,XAUUSD,15min,LONG,2026-03-13T07:00:00,2026-03-13T07:15:00,2026-03-13T07:15:00,5086.66069000,5076.380763855,5139.18760000,5076.130763855,10.06276580147719886000950340,103.4444892536173361823758890,-105.9601807039866358973782648,4.094870018804032909801852318,-110.0550507227906688071801171,-1.063904433352327357600875059,stop,0,10234.39387463894294943040878
gold_zigzag_reversal_daily,XAUUSD,15min,SHORT,2026-03-13T12:45:00,2026-03-13T13:00:00,2026-03-13T13:00:00,5119.92816000,5125.768650965,5076.15693000,5126.018650965,17.52317388378828345543106029,102.3439387463894294943040878,-106.7247322173365003581618529,7.177391313614735995321887242,-113.9021235309512363534837401,-1.112934727020847296182744801,stop,0,10120.49175110799171307692504
gold_zigzag_reversal_daily,XAUUSD,15min,LONG,2026-03-14T02:30:00,2026-03-14T02:45:00,2026-03-14T03:00:00,5052.61724000,5030.265589905,5123.76336000,5030.015589905,4.527849938636931634141584409,101.2049175110799171307692504,-102.3368799957391500393046465,1.830199412807192230029211359,-104.1670794085463422693338579,-1.029268952243769454910125283,stop,1,10016.32467169944537080759118
gold_zigzag_reversal_daily,XAUUSD,15min,LONG,2026-03-14T03:30:00,2026-03-14T03:45:00,2026-03-14T06:30:00,5046.84652000,5029.992594610,5123.76336000,5029.742594610,5.943021842046641082708383332,100.1632467169944537080759118,-101.6490021775061139787530076,2.399481528145366418076466928,-104.0484837056514803968294745,-1.038789048039093045967257601,stop,11,9912.276187993793890410761706
gold_zigzag_reversal_daily,XAUUSD,15min,LONG,2026-03-14T12:15:00,2026-03-14T12:30:00,2026-03-16T06:00:00,5019.83120000,5016.807610115,5028.33165000,5028.18165000,32.78313714822403531889961229,99.12276187993793890410761706,273.7539475993873957287052674,13.16526517524272296669713787,260.5886824241446727620081295,2.628948966734620492355562963,target,166,10172.86487041793856317276984
gold_zigzag_reversal_daily,XAUUSD,15min,SHORT,2026-03-17T15:15:00,2026-03-17T15:30:00,2026-03-17T15:30:00,5031.28973000,5035.780949890,4998.03231000,5036.030949890,22.65056069302796609046182738,101.7286487041793856317276984,-107.3912888774363771543431553,9.116922671485863071498307448,-116.5082115489222402258414627,-1.145284175431454993845781174,stop,0,10056.35665886901632294692838
gold_zigzag_reversal_daily,XAUUSD,15min,LONG,2026-03-18T21:15:00,2026-03-18T21:30:00,2026-03-18T21:30:00,4983.54654000,4978.978325365,5015.12179000,4978.728325365,22.01375693213026170112720279,100.5635665886901632294692838,-106.0670058217227286547510845,8.776526575321502442395758848,-114.8435323970442310971468433,-1.141999396926322399035000683,stop,0,9941.513126471972091849781537
gold_zigzag_reversal_daily,XAUUSD,15min,LONG,2026-03-19T08:00:00,2026-03-19T08:15:00,2026-03-19T17:30:00,4818.97980000,4801.187030295,4899.65344000,4800.937030295,5.587389311107802084515195234,99.41513126471972091849781537,-100.8119785924966714396266142,2.154041297997153109414129490,-102.9660198904938245490407437,-1.035717788435232265037625855,stop,37,9838.547106581478267300740793
gold_zigzag_reversal_daily,XAUUSD,15min,LONG,2026-03-19T21:00:00,2026-03-19T21:15:00,2026-03-19T21:45:00,4704.23307000,4672.359051400,4853.63582000,4672.109051400,3.086698050236275593847065394,98.38547106581478267300740793,-99.15714557837385157146917427,1.161643763602080716976740284,-100.3187893419759322884459146,-1.019650444879893494195300495,stop,2,9738.228317239502335012294878
gold_zigzag_reversal_daily,XAUUSD,15min,SHORT,2026-03-20T13:45:00,2026-03-20T14:00:00,2026-03-20T14:00:00,4698.20125000,4709.335006315,4644.65879000,4709.585006315,8.746579358953306079263056763,97.38228317239502335012294878,-99.56892801213334986993871297,3.287455206196689705058103388,-102.8563832183300395749968164,-1.056212484115249831565942622,stop,0,9635.371934021172295437298062
gold_zigzag_reversal_daily,XAUUSD,15min,SHORT,2026-03-20T15:15:00,2026-03-20T15:30:00,2026-03-20T21:45:00,4721.48156000,4743.409364240,4644.65879000,4644.80879000,4.394134418823675295378000904,96.35371934021172295437298062,336.9104576435513264771995264,1.659745970450983983884382760,335.2507116731003424933151436,3.479374890442746856627355590,target,25,9970.622645694272637930613206
gold_zigzag_reversal_daily,XAUUSD,15min,LONG,2026-03-21T09:45:00,2026-03-21T10:00:00,2026-03-23T08:45:00,4497.59230000,4491.847138465,4513.49018000,4491.597138465,17.35481689235787978227946067,99.70622645694272637930613206,-104.0449306800321963248759972,6.244391265838298316248462300,-110.2893219458704946411244595,-1.106142774277973369464188616,stop,187,9860.333323748402143289488746
gold_zigzag_reversal_daily,XAUUSD,15min,LONG,2026-03-23T16:15:00,2026-03-23T16:30:00,2026-03-23T16:45:00,4360.37305000,4319.568483730,4452.63754000,4319.318483730,2.416477915364544847369967828,98.60333323748402143289488746,-99.20745271632515764473737940,0.8429396142460593822390696880,-100.0503923305712170269764491,-1.014675559593933652171129915,stop,1,9760.282931417830926262512297
gold_zigzag_reversal_daily,XAUUSD,15min,SHORT,2026-03-23T23:30:00,2026-03-23T23:45:00,2026-03-23T23:45:00,4439.50734000,4473.757287805,4104.81533000,4474.007287805,2.849721987019486766269690173,97.60282931417830926262512297,-98.31525981093318095419254552,1.012108934266591697750972315,-99.32736874519977265194351784,-1.017668949180461386107505048,stop,0,9660.955562672631153610568779
gold_zigzag_reversal_daily,XAUUSD,15min,SHORT,2026-03-24T01:00:00,2026-03-24T01:15:00,2026-03-24T12:30:00,4464.55516000,4512.132179785,4334.90805000,4335.05805000,2.030592837956302679249578133,96.60955562672631153610568779,262.9559041020395032480773369,0.7252554986045483984932423186,262.2306486034349548495840946,2.714334486917884194666776142,target,45,9923.186211276066108460152874
gold_zigzag_reversal_daily,XAUUSD,15min,SHORT,2026-03-24T19:45:00,2026-03-24T20:00:00,2026-03-25T07:15:00,4408.29553000,4440.890493920,4318.79209000,4441.140493920,3.044392451432437759378919685,99.23186211276066108460152874,-99.99296022561877052444625866,1.073646530817228597733864578,-101.0666067564359991221801232,-1.018489471069185954171781761,stop,45,9822.119604519630109337972751
gold_zigzag_reversal_daily,XAUUSD,15min,SHORT,2026-03-25T08:30:00,2026-03-25T08:45:00,2026-03-25T10:15:00,4474.30664000,4489.843379685,4374.98042000,4490.093379685,6.321866623022866273464227608,98.22119604519630109337972751,-99.80166270095201766174578441,2.262877584686846995135443952,-102.0645402856388646568812284,-1.039129479126624113223661828,stop,6,9720.055064233991244681091523
gold_zigzag_reversal_daily,XAUUSD,15min,SHORT,2026-03-25T13:30:00,2026-03-25T13:45:00,2026-03-26T16:45:00,4594.01728000,4608.238031720,4457.01456000,4457.16456000,6.835120432180635275644269193,97.20055064233991244681091523,935.4048226714954687998679915,2.512052910105512523014986864,932.8927697613899562768530046,9.597607869466411020359196596,target,108,10652.94783399538120095794453
gold_zigzag_reversal_daily,XAUUSD,15min,LONG,2026-03-26T20:45:00,2026-03-26T21:00:00,2026-03-27T01:15:00,4422.05552000,4409.607353785,4463.44176000,4463.29176000,8.557845107465398027670812660,106.5294783399538120095794453,352.8933547342689447645602718,3.027461295741788524580706390,349.8658934385271562399795654,3.284216715321229344622789485,target,17,11002.81372743390835719792410
gold_zigzag_reversal_daily,XAUUSD,15min,LONG,2026-03-27T05:15:00,2026-03-27T05:30:00,2026-03-28T01:45:00,4372.49228000,4349.857974880,4483.21906000,4483.06906000,4.861122826214648270676808876,110.0281372743390835719792410,537.5273093073153946040099462,1.700417762380426494915975775,535.8268915449349681090939704,4.869907869192849336299836891,target,81,11538.64061897884332530701807
gold_zigzag_reversal_daily,XAUUSD,15min,SHORT,2026-03-28T06:15:00,2026-03-28T06:30:00,2026-03-30T09:00:00,4521.97211000,4535.457242030,4485.99521000,4486.14521000,8.556564810273380263898697676,115.3864061897884332530701807,306.5551918011833673766722518,3.095403794357093362301948060,303.4597880068262740143703037,2.629944011842203668806051727,target,202,11842.10040698566959932138837
gold_zigzag_reversal_daily,XAUUSD,15min,LONG,2026-03-30T11:45:00,2026-03-30T12:00:00,2026-03-30T14:15:00,4433.97387000,4413.662162285,4513.34994000,4513.19994000,5.830184528620600820476796808,118.4210040698566959932138837,461.9026075774127240451521373,2.068070868574560894535574240,459.8345367088381631506165631,3.883048791222722653283316016,target,9,12301.93494369450776247200493
gold_zigzag_reversal_daily,XAUUSD,15min,LONG,2026-03-31T05:30:00,2026-03-31T05:45:00,2026-03-31T05:45:00,4515.00525000,4505.202640965,4556.89238000,4504.952640965,12.54965377051223767639734795,123.0193494369450776247200493,-126.1567628795731370438193863,4.532940212763603863854546166,-130.6897030923367409076739325,-1.062350790265910059321263138,stop,0,12171.24524060217102156433100
gold_zigzag_reversal_daily,XAUUSD,15min,LONG,2026-03-31T07:15:00,2026-03-31T07:30:00,2026-03-31T11:15:00,4505.46349000,4487.021556180,4556.89238000,4486.771556180,6.599766249785929999375917400,121.7124524060217102156433100,-123.3623939684681927154872893,2.378800470475578234230713490,-125.7411944389437709497180028,-1.033100491800810507409141109,stop,15,12045.50404616322725061461300
gold_zigzag_reversal_daily,XAUUSD,15min,SHORT,2026-04-02T03:45:00,2026-04-02T04:00:00,2026-04-02T10:15:00,4787.50165000,4797.095997605,4729.91016000,4797.345997605,12.55479219857099106074613918,120.4550404616322725061461300,-123.5937385112750202713326647,4.808487069285259787636591324,-128.4022255805602800589692560,-1.065976360046629767694350698,stop,25,11917.10182058266697055564374
gold_zigzag_reversal_daily,XAUUSD,15min,SHORT,2026-04-02T11:00:00,2026-04-02T11:15:00,2026-04-02T12:00:00,4792.54851000,4803.574625310,4752.50154000,4752.65154000,10.80806928417898703306381778,119.1710182058266697055564374,431.2092159888105202885361461,4.143855707509501670289545652,427.0653602813010186182466004,3.583634399629727797577331885,target,3,12344.16718086396798917389034
gold_zigzag_reversal_daily,XAUUSD,15min,LONG,2026-04-02T13:30:00,2026-04-02T13:45:00,2026-04-02T16:30:00,4678.31823000,4652.554926755,4798.53894000,4652.304926755,4.791375959625695889360281580,123.4416718086396798917389034,-124.6395157985461038640789738,1.793246519896050964450421468,-126.4327623184421548285293953,-1.024230800393235832519503460,stop,11,12217.73441854552583434536094
gold_zigzag_reversal_daily,XAUUSD,15min,LONG,2026-04-02T21:15:00,2026-04-02T21:30:00,2026-04-02T22:30:00,4617.74021000,4606.911852535,4649.81786000,4606.661852535,11.28309114104918019932154220,122.1773441854552583434536094,-124.9981169707175533932839950,4.168190692409406479515432012,-129.1663076631269598727994270,-1.057203432635293038878265366,stop,4,12088.56811088239887447256151
gold_zigzag_reversal_daily,XAUUSD,15min,SHORT,2026-04-03T07:45:00,2026-04-03T08:00:00,2026-04-06T08:00:00,4676.63195000,4687.174907635,4645.79477000,4645.94477000,11.46601222293766608166073837,120.8856811088239887447256151,351.8595809674882878278177773,4.289785528070464964474073450,347.5697954394178228633437038,2.875194086275013282835789370,target,288,12436.13790632181669733590521
gold_zigzag_reversal_daily,XAUUSD,15min,SHORT,2026-04-06T20:30:00,2026-04-06T20:45:00,2026-04-07T05:15:00,4695.96386000,4710.712224950,4645.75503000,4645.90503000,8.432214654629777585844121121,124.3613790632181669733590521,422.1067999196207491075812657,3.167790022232305377836963230,418.9390098973884437297443025,3.368722774330316527731435070,target,34,12855.07691621920514106564951
gold_zigzag_reversal_daily,XAUUSD,15min,SHORT,2026-04-08T16:30:00,2026-04-08T16:45:00,2026-04-08T19:30:00,4833.93591000,4848.803442690,4790.64564000,4790.79564000,8.646409047323376116326971742,128.5507691621920514106564951,373.0084208319732229698969692,3.343694974912428575291942880,369.6647258570607943946050263,2.875632158922799718424563961,target,11,13224.74164207626593546025454
gold_zigzag_reversal_daily,XAUUSD,15min,SHORT,2026-04-10T03:00:00,2026-04-10T03:15:00,2026-04-10T10:00:00,4792.11935000,4805.929252480,4751.15335000,4751.30335000,9.576274460466911230107581860,132.2474164207626593546025454,390.8652183784174487680710612,3.671252011433143627242467648,387.1939663669843051408285936,2.927799853080497640125261768,target,27,13611.93560844325024060108313
gold_zigzag_reversal_daily,XAUUSD,15min,SHORT,2026-04-10T23:15:00,2026-04-10T23:30:00,2026-04-11T00:15:00,4777.51888000,4786.297663550,4742.51398000,4786.547663550,15.50549176991982020174205472,136.1193560844325024060108313,-139.9957290269124574564463450,5.926222373958124568002246024,-145.9219514008705820244485910,-1.072014705317572159527728645,stop,3,13466.01365704237965857663454
gold_zigzag_reversal_daily,XAUUSD,15min,LONG,2026-04-13T09:15:00,2026-04-13T09:30:00,2026-04-14T08:45:00,4653.57906000,4638.278187705,4752.99783000,4752.84783000,8.800814357128375509114485123,134.6601365704237965857663454,873.6460162304745688879187273,3.276422832262397600082560568,870.3695933982121712878361667,6.463453963178116963690402462,target,93,14336.38325044059182986447071
gold_zigzag_reversal_daily,XAUUSD,15min,SHORT,2026-04-14T10:15:00,2026-04-14T10:30:00,2026-04-14T10:30:00,4761.63982000,4769.414899770,4738.11041000,4769.664899770,18.43888895617156070652696430,143.3638325044059182986447071,-147.9735547434488084752764482,7.023947831221179056939690168,-154.9975025746699875322161384,-1.081147872981887104162791117,stop,0,14181.38574786592184233225457
gold_zigzag_reversal_daily,XAUUSD,15min,SHORT,2026-04-14T12:45:00,2026-04-14T13:00:00,2026-04-14T16:45:00,4775.18376000,4779.750218450,4753.66414000,4780.000218450,31.05554534907882900441644130,141.8138574786592184233225457,-149.5777438159289256744266560,11.86367486470918041773650870,-161.4414186806381060921631647,-1.138403690238329005271032303,stop,15,14019.94432918528373624009141
gold_zigzag_reversal_daily,XAUUSD,15min,SHORT,2026-04-14T20:15:00,2026-04-14T20:30:00,2026-04-14T23:30:00,4783.98654000,4793.475882825,4758.36060000,4793.725882825,14.77441018597121211735765423,140.1994432918528373624009141,-143.8930458383456403917403277,5.654446357290014047753913456,-149.5474921956356544394942412,-1.066676790465729643401306877,stop,12,13870.39683698964808180059717
gold_zigzag_reversal_daily,XAUUSD,15min,SHORT,2026-04-15T01:30:00,2026-04-15T01:45:00,2026-04-15T03:00:00,4809.23480000,4822.825942390,4761.86507000,4823.075942390,10.20546797243115932199471068,138.7039683698964808180059717,-141.2553353630042706485046493,3.926439337864109761254509442,-145.1817747008683804097591587,-1.046702386435670327783240890,stop,5,13725.21506228877970139083801
gold_zigzag_reversal_daily,XAUUSD,15min,SHORT,2026-04-15T04:15:00,2026-04-15T04:30:00,2026-04-15T08:00:00,4837.56838000,4848.680124170,4791.80146000,4848.930124170,12.35198979773557880732853302,137.2521506228877970139083801,-140.3401480723216917157405133,4.780287622048658531146449888,-145.1204356943703502468869632,-1.057327226100094779269922662,stop,14,13580.09462659440935114395105
gold_zigzag_reversal_daily,XAUUSD,15min,LONG,2026-04-15T13:45:00,2026-04-15T14:00:00,2026-04-15T15:30:00,4825.08739000,4814.779384795,4869.57853000,4814.529384795,13.17431875180587799397017383,135.8009462659440935114395105,-139.0945259538955630099320539,5.085379142494326530926718542,-144.1799050963898895408587724,-1.061700297831776269461051363,stop,6,13435.91472149801946160309228
gold_zigzag_reversal_daily,XAUUSD,15min,LONG,2026-04-15T16:15:00,2026-04-15T16:30:00,2026-04-15T17:00:00,4814.69488000,4809.833829520,4829.67706000,4809.583829520,27.63994074280425794221147911,134.3591472149801946160309228,-141.2691324006812591015837926,10.64623049423064460452519554,-151.9153628949119037061089881,-1.130666322642261472668352129,stop,2,13283.99935860310755789698329
gold_zigzag_reversal_daily,XAUUSD,15min,SHORT,2026-04-16T14:00:00,2026-04-16T14:15:00,2026-04-16T14:30:00,4825.64212000,4830.568489320,4812.30949000,4830.818489320,26.96509030427931367089827380,132.8399935860310755789698329,-139.5812661621009039966944013,10.40991004335470978359828226,-149.9911762054556137802926836,-1.129111588734885999168247499,stop,1,13134.00818239765194411669061
gold_zigzag_reversal_daily,XAUUSD,15min,SHORT,2026-04-17T23:45:00,2026-04-18T00:00:00,2026-04-20T08:00:00,4879.60025000,4895.618732870,4782.86095000,4783.01095000,8.199283470843235945050950140,131.3400818239765194411669061,791.9630509503185696673097384,3.200738053931801746262368206,788.7623128963867679210473702,6.005495823837654108625332007,target,224,13922.77049529403871203773798
gold_zigzag_reversal_daily,XAUUSD,15min,LONG,2026-04-20T08:45:00,2026-04-20T09:00:00,2026-04-20T09:15:00,4780.74217000,4772.486834935,4834.32342000,4772.236834935,16.86517916676957885783614524,139.2277049529403871203773798,-143.4439997446327818348364161,6.450245859774463065503815560,-149.8942456044072449003402317,-1.076612199095519086601725959,stop,1,13772.87624968963146713739775
gold_zigzag_reversal_daily,XAUUSD,15min,SHORT,2026-04-21T00:15:00,2026-04-21T00:30:00,2026-04-21T08:00:00,4823.20237000,4830.613236745,4787.15563000,4830.863236745,18.58470368392736694274132135,137.7287624968963146713739775,-142.3749384178781564070593079,7.171022948325296571687167634,-149.5459613662034529787464755,-1.085800515847758641624313810,stop,30,13623.33028832342801415865127
gold_zigzag_reversal_daily,XAUUSD,15min,SHORT,2026-04-21T10:00:00,2026-04-21T10:15:00,2026-04-21T11:30:00,4829.32460000,4835.514839275,4811.05583000,4811.20583000,22.00776041621335875447019981,136.2333028832342801415865127,398.7535491964741181997320222,8.502609501514032982527063672,390.2509396949600852172049585,2.864578127636269762771003710,target,5,14013.58122801838809937585623
gold_zigzag_reversal_daily,XAUUSD,15min,LONG,2026-04-21T18:00:00,2026-04-21T18:15:00,2026-04-21T23:00:00,4775.63926000,4769.633978740,4797.20496000,4769.383978740,23.33542863572452907788678033,140.1358122801838809937585623,-145.9696694391150132632302574,8.915327131335543968749416480,-154.8849965704505572319796739,-1.105249215388123220060470573,stop,19,13858.69623144793754214387656
gold_zigzag_reversal_daily,XAUUSD,15min,LONG,2026-04-22T02:00:00,2026-04-22T02:15:00,2026-04-22T02:45:00,4728.39132000,4719.953547170,4795.32988000,4719.703547170,16.42459036367294275940334431,138.5869623144793754214387656,-142.6931099053976111112896017,6.212951240811742868993569728,-148.9060611462093539802831714,-1.074459376693126733538760133,stop,2,13709.79017030172818816359339
gold_zigzag_reversal_daily,XAUUSD,15min,SHORT,2026-04-22T10:45:00,2026-04-22T11:00:00,2026-04-22T11:30:00,4740.16821000,4751.926533600,4668.28518000,4752.176533600,11.65964693325988084573858249,137.0979017030172818816359339,-140.0128134363322520930705795,4.421495018628998308268635416,-144.4343084549612504013392149,-1.053512173861246683158133188,stop,2,13565.35586184676693776225418
gold_zigzag_reversal_daily,XAUUSD,15min,LONG,2026-04-23T01:15:00,2026-04-23T01:30:00,2026-04-23T01:30:00,4734.17351000,4726.424628665,4759.21316000,4726.174628665,17.50621189741934141744377891,135.6535586184676693776225418,-140.0301115928225047319834865,6.630195570016758680008655202,-146.6603071628392634119921417,-1.081138664230170457243167991,stop,0,13418.69555468392767435026204
gold_zigzag_reversal_daily,XAUUSD,15min,LONG,2026-04-23T02:00:00,2026-04-23T02:15:00,2026-04-23T02:15:00,4731.79699000,4726.412453335,4759.21316000,4726.162453335,24.92079892761567382576317184,134.1869555468392767435026204,-140.4171552787431951999434133,9.433612908326965862845436880,-149.8507681870701610627888502,-1.116731261816006224557856177,stop,0,13268.84478649685751328747319
gold_zigzag_reversal_daily,XAUUSD,15min,LONG,2026-04-23T13:30:00,2026-04-23T13:45:00,2026-04-23T20:00:00,4705.14155000,4693.208417370,4752.77812000,4692.958417370,11.11933068869013107858793085,132.6884478649685751328747319,-135.4682805371411079025217147,4.185441986523684065024831102,-139.6537225236647919675465458,-1.052493451922690982443224551,stop,25,13129.19106397319272131992664
gold_zigzag_reversal_daily,XAUUSD,15min,LONG,2026-04-24T13:45:00,2026-04-24T14:00:00,2026-04-24T14:15:00,4672.58741000,4665.430692350,4711.17216000,4665.180692350,18.34526902702832313263039885,131.2919106397319272131992664,-135.8782278964890079963568661,6.857589847100439390635244948,-142.7358177435894473869921110,-1.087163840088060481190004750,stop,1,12986.45524622960327393293453
gold_zigzag_reversal_daily,XAUUSD,15min,LONG,2026-04-24T14:45:00,2026-04-24T15:00:00,2026-04-24T21:15:00,4674.57325000,4665.254983055,4711.17216000,4711.02216000,13.93655636062012738778963423,129.8645524622960327393293453,507.9722884981705673460794770,5.211796284837776071884304064,502.7604922133327912741951729,3.871422052290218006842043737,target,25,13489.21573844293606520712970
gold_zigzag_reversal_daily,XAUUSD,15min,SHORT,2026-04-24T22:15:00,2026-04-24T22:30:00,2026-04-25T00:00:00,4709.61124000,4719.935277840,4675.88689000,4720.185277840,13.06583329845964228392166538,134.8921573844293606520712970,-138.1586157090442712230517133,4.922799628991344478938939724,-143.0814153380356157019906530,-1.060709666984327907112746498,stop,6,13346.13432310490044950513905
gold_zigzag_reversal_daily,XAUUSD,15min,LONG,2026-04-25T07:00:00,2026-04-25T07:15:00,2026-04-27T08:00:00,4708.66954000,4702.505670675,4726.03788000,4702.255670675,21.65220191961954100885345919,133.4613432310490044950513905,-138.8743937109538897472647553,8.156245092227364890973532288,-147.0306388031812546382382876,-1.101672104023717277620904139,stop,195,13199.10368430171919486690076
gold_zigzag_reversal_daily,XAUUSD,15min,SHORT,2026-04-27T14:15:00,2026-04-27T14:30:00,2026-04-28T01:00:00,4726.35549000,4731.447768935,4674.26331000,4674.41331000,25.91983638913079138872211202,131.9910368430171919486690076,1346.332807294781609855453913,9.800508881413607376650518256,1336.532298413368002478803395,10.12593226313514972447203543,target,42,14535.63598271508719734570416
gold_zigzag_reversal_daily,XAUUSD,15min,LONG,2026-04-28T01:45:00,2026-04-28T02:00:00,2026-04-28T15:00:00,4669.65529000,4664.427804360,4712.04336000,4664.177804360,27.80617104232750641730257180,145.3563598271508719734570416,-152.3079025877327485777826846,10.38761869619595634032527215,-162.6955212839287049181079568,-1.119287257037783082269739148,stop,52,14372.94046143115849242759620
gold_zigzag_reversal_daily,XAUUSD,15min,LONG,2026-04-28T17:30:00,2026-04-28T17:45:00,2026-04-28T19:15:00,4628.91696000,4616.735598620,4676.14423000,4616.485598620,11.79912491967392768740565531,143.7294046143115849242759620,-146.6791858442300668461273758,4.369373556306982523363649300,-151.0485594005370493694910251,-1.050923155257380599934225086,stop,6,14221.89190203062144305810517
gold_zigzag_reversal_daily,XAUUSD,15min,LONG,2026-04-28T20:45:00,2026-04-28T21:00:00,2026-04-28T21:15:00,4605.09309000,4598.629698480,4634.47199000,4598.379698480,22.00376049945775440671139348,142.2189190203062144305810517,-147.7198591451706530322589001,8.106349234405428285221095016,-155.8262083795760813174799951,-1.095678475501047784275336612,stop,1,14066.06569365104536174062517
gold_zigzag_reversal_daily,XAUUSD,15min,LONG,2026-04-29T19:30:00,2026-04-29T19:45:00,2026-04-29T19:45:00,4560.81357000,4554.109796680,4590.10327000,4553.859796680,20.98231103919701951041003452,140.6606569365104536174062517,-145.9062346963097084950087603,7.655712713402445478930627336,-153.5619474097121539739393876,-1.091719253657580414726791507,stop,0,13912.50374624133320776668578
gold_zigzag_reversal_daily,XAUUSD,15min,SHORT,2026-04-30T19:00:00,2026-04-30T19:15:00,2026-04-30T20:15:00,4618.53288000,4630.584701100,4540.58958000,4630.834701100,11.54390164839182122257580291,139.1250374624133320776668578,-142.0110128745112873833108086,4.265271146126706035163851522,-146.2762840206379934184746601,-1.051401578670961187766054709,stop,4,13766.22746222069521434821112
gold_zigzag_reversal_daily,XAUUSD,15min,SHORT,2026-05-01T08:45:00,2026-05-01T09:00:00,2026-05-01T11:15:00,4630.47475000,4635.289859425,4615.24003000,4615.39003000,28.58964614749268177710875412,137.6622746222069521434821112,431.2668070340058066567879654,10.59069076779197110229497712,420.6761162662138355544929883,3.055856206216954249175759905,target,9,14186.90357848690904990270411
gold_zigzag_reversal_daily,XAUUSD,15min,LONG,2026-05-01T20:45:00,2026-05-01T21:00:00,2026-05-01T22:15:00,4567.46964000,4557.842093295,4600.11390000,4599.96390000,14.73574111161573331458868691,141.8690357848690904990270411,478.8270029735306584149065855,5.384404012016377060857631724,473.4425989615142813540489538,3.337180635240553735646614035,target,5,14660.34617744842333125675306
gold_zigzag_reversal_daily,XAUUSD,15min,LONG,2026-05-04T19:45:00,2026-05-04T20:00:00,2026-05-04T20:00:00,4574.92937000,4570.208281100,4613.93413000,4569.958281100,31.05289158492318018255651373,146.6034617744842333125675306,-154.3666846707150283582066590,11.36518285882327249687838050,-165.7318675295383008550850395,-1.130477176483586233675879308,stop,0,14494.61430991888503040166802
gold_zigzag_reversal_daily,XAUUSD,15min,LONG,2026-05-05T02:45:00,2026-05-05T03:00:00,2026-05-05T23:15:00,4511.91702000,4496.764067875,4582.50416000,4582.35416000,9.565538246507780760510828856,144.9461430991888503040166802,673.7691566446230645174077236,3.452713185590352926062188208,670.3164434590327115913455354,4.624589720889123445310165922,target,81,15164.93075337791774199301356
gold_zigzag_reversal_daily,XAUUSD,15min,SHORT,2026-05-06T20:15:00,2026-05-06T20:30:00,2026-05-06T20:30:00,4703.80924000,4709.786999945,4658.09577000,4710.036999945,25.36891894774459321650296474,151.6493075337791774199301356,-157.9915372707153257240558768,9.546444428416967578546237280,-167.5379816991322933026021141,-1.104772480822663747833052202,stop,0,14997.39277167878544869041145
gold_zigzag_reversal_daily,XAUUSD,15min,LONG,2026-05-08T07:45:00,2026-05-08T08:00:00,2026-05-08T08:00:00,4686.89719000,4681.272110490,4717.42617000,4681.022110490,26.66165472864362311687646074,149.9739277167878544869041145,-156.6393413989487602661232297,9.996834770274400775832586032,-166.6361761692231610419558157,-1.111100967388814740504885770,stop,0,14830.75659550956228764845563
gold_zigzag_reversal_daily,XAUUSD,15min,LONG,2026-05-08T08:30:00,2026-05-08T08:45:00,2026-05-08T11:00:00,4688.23913000,4680.533099080,4717.42617000,4717.27617000,19.24564895920449056237170617,148.3075659550956228764845563,558.8366786543791606392097269,7.218256362622901306098139078,551.6184222917562593331115878,3.719421991314823325416919037,target,9,15382.37501780131854698156722
gold_zigzag_reversal_daily,XAUUSD,15min,SHORT,2026-05-08T13:30:00,2026-05-08T13:45:00,2026-05-08T23:30:00,4724.99984000,4736.900618930,4685.70236000,4737.150618930,12.92551950446265330884653885,153.8237501780131854698156722,-157.0551300541288487970273069,4.885846207240233293622029332,-161.9409762613690820906493362,-1.052769654061627040071401444,stop,39,15220.43404153994946489091788
gold_zigzag_reversal_daily,XAUUSD,15min,LONG,2026-05-11T15:15:00,2026-05-11T15:30:00,2026-05-11T15:45:00,4673.02173000,4664.534490305,4699.66641000,4664.284490305,17.93331470360923919315668376,152.2043404153994946489091788,-156.6876690913018044471983497,6.704221544071558734271108040,-163.3918906353733631814694577,-1.073503490041352013447524059,stop,1,15057.04215090457610170944842
gold_zigzag_reversal_daily,XAUUSD,15min,SHORT,2026-05-12T05:30:00,2026-05-12T05:45:00,2026-05-12T05:45:00,4728.09382000,4732.180508630,4710.83633000,4732.430508630,36.84411393706932867481379030,150.5704215090457610170944842,-159.7814499933130931857979318,13.93619419273866894551486973,-173.7176441860517621313128015,-1.153730211053539452062439120,stop,0,14883.32450671852433957813562
gold_zigzag_reversal_daily,XAUUSD,15min,SHORT,2026-05-12T07:15:00,2026-05-12T07:30:00,2026-05-12T08:00:00,4735.14361000,4741.263705785,4710.83633000,4741.513705785,24.31877707403973962407213471,148.8332450671852433957813562,-154.9129393356951783017993899,9.212232149212301597359117672,-164.1251714849074798991585076,-1.102745367211601574631237573,stop,2,14719.19933523361685967897711
gold_zigzag_reversal_daily,XAUUSD,15min,SHORT,2026-05-13T06:45:00,2026-05-13T07:00:00,2026-05-13T09:00:00,4715.03842000,4721.887711685,4641.66357000,4722.137711685,21.49010439644258902616581602,147.1919933523361685967897711,-152.5645194514468158533312251,8.106133430323017486611376624,-160.6706528817698333399426017,-1.091571961371360402210699543,stop,8,14558.52868235184702633903451
gold_zigzag_reversal_daily,XAUUSD,15min,LONG,2026-05-13T13:45:00,2026-05-13T14:00:00,2026-05-13T22:15:00,4695.63954000,4685.049096125,4726.43751000,4684.799096125,13.74685410185590264160578870,145.5852868235184702633903451,-149.0220003489824459237917923,5.164021733702861106105167240,-154.1860220826853070298969595,-1.059076953769324423146522742,stop,33,14404.34266026916171930913755
gold_zigzag_reversal_daily,XAUUSD,15min,SHORT,2026-05-14T10:15:00,2026-05-14T10:30:00,2026-05-14T10:45:00,4700.64227000,4705.008778865,4679.05163000,4705.258778865,32.98823638199383735662961387,144.0434266026916171930913755,-152.2904856981900765322487790,12.40527186799616790064625822,-164.6957575661862444328950372,-1.143375726685945935895861281,stop,1,14239.64690270297547487624251
gold_zigzag_reversal_daily,XAUUSD,15min,LONG,2026-05-15T09:45:00,2026-05-15T10:00:00,2026-05-15T10:15:00,4650.44605000,4645.888241850,4682.62933000,4645.638241850,31.24231304624565093832710469,142.3964690270297547487624251,-150.2070472885911674833442013,11.62325530390212437886576621,-161.8303025924932918622099675,-1.136476934422963809918151118,stop,1,14077.81660011048218301403254
gold_zigzag_reversal_daily,XAUUSD,15min,LONG,2026-05-15T12:15:00,2026-05-15T12:30:00,2026-05-15T15:00:00,4613.48492000,4602.113809545,4664.83183000,4601.863809545,12.38033581313099836828032337,140.7781660011048218301403254,-143.8732499543875714222104063,4.569319406273263916528470256,-148.4425693606608353387388766,-1.054443125502117022571829376,stop,10,13929.37403074982134767529366
gold_zigzag_reversal_daily,XAUUSD,15min,LONG,2026-05-15T16:45:00,2026-05-15T17:00:00,2026-05-15T18:30:00,4567.65239000,4552.521310685,4620.75128000,4552.271310685,9.205803327553188063950938096,139.2937403074982134767529366,-141.5951911393865104927406711,3.363912765677461784993998020,-144.9591039050639722777346691,-1.040672061681014326240745107,stop,6,13784.41492684475737539755899
gold_zigzag_reversal_daily,XAUUSD,15min,LONG,2026-05-16T07:00:00,2026-05-16T07:15:00,2026-05-18T08:00:00,4537.89950000,4530.071805260,4564.72964000,4529.821805260,17.60980133321442907391347633,137.8441492684475737539755899,-142.2465996017511810224539590,6.392920693207447286983794182,-148.6395202949586283094377532,-1.078315772441580929610957210,stop,195,13635.77540654979874708812124
gold_zigzag_reversal_daily,XAUUSD,15min,LONG,2026-05-20T06:30:00,2026-05-20T06:45:00,2026-05-20T11:15:00,4483.00157000,4477.381818210,4512.04253000,4477.131818210,24.26401719523238720670992702,136.3577540654979874708812124,-142.4237583643060842725586941,8.702050174458703069002281392,-151.1258085387647873415609755,-1.108303738019717771200709916,stop,18,13484.64959801103395974656026
gold_zigzag_reversal_daily,XAUUSD,15min,LONG,2026-05-20T12:30:00,2026-05-20T12:45:00,2026-05-20T13:00:00,4465.92657000,4454.956833130,4507.34698000,4454.706833130,12.29259166178252547250621542,134.8464959801103395974656026,-137.9196438955559709655921565,4.391824937321202725549384954,-142.3114688328771736911415415,-1.055359042135347044108269482,stop,1,13342.33812917815678605541872
gold_zigzag_reversal_daily,XAUUSD,15min,LONG,2026-05-20T14:30:00,2026-05-20T14:45:00,2026-05-21T00:15:00,4462.86630000,4449.525461975,4507.34698000,4507.19698000,10.00112444523750732372407971,133.4233812917815678605541872,443.3566474220014611656685859,3.570694499900533354484110868,439.7859529221009278111844750,3.296168547552693939554820432,target,38,13782.12408210025771386660320
gold_zigzag_reversal_daily,XAUUSD,15min,LONG,2026-05-21T21:45:00,2026-05-21T22:00:00,2026-05-21T23:00:00,4512.43414000,4502.297410690,4542.56382000,4502.047410690,13.59622385151789923239708489,137.8212408210025771386660320,-141.2202967838820519467653032,4.908165174613732745387871992,-146.1284619584957846921531752,-1.060275332655597962297762097,stop,4,13635.99562014176192917445002
gold_zigzag_reversal_daily,XAUUSD,15min,LONG,2026-05-22T12:30:00,2026-05-22T12:45:00,2026-05-22T15:45:00,4523.83348000,4517.459740030,4540.91363000,4517.209740030,21.39402561812034815278862093,136.3599562014176192917445002,-141.7084626059477063299416554,7.742640749058442051427305498,-149.4511033550061483813689609,-1.096004336744223972475613874,stop,12,13486.54451678675578079308106
gold_zigzag_reversal_daily,XAUUSD,15min,SHORT,2026-05-25T21:00:00,2026-05-25T21:15:00,2026-05-25T22:15:00,4569.92960000,4576.926055455,4553.80914000,4553.95914000,19.27625295913036836563848467,134.8654451678675578079308106,307.8506268336731827686947939,7.047289518001396852242794720,300.8033373156717859164519992,2.230395910095878685187741255,target,4,13787.34785410242756670953306
gold_zigzag_reversal_daily,XAUUSD,15min,LONG,2026-05-26T12:30:00,2026-05-26T12:45:00,2026-05-26T14:30:00,4535.31425000,4526.488298055,4580.93828000,4526.238298055,15.62137199479441258923547545,137.8734785410242756670953306,-141.7788215397228788144041995,5.667826481003362018907123872,-147.4466480207262408333113234,-1.069434452376230335344296961,stop,7,13639.90120608170132587622174
gold_zigzag_reversal_daily,XAUUSD,15min,LONG,2026-05-28T15:00:00,2026-05-28T15:15:00,2026-05-29T00:15:00,4374.24241000,4362.272105845,4459.95745000,4459.80745000,11.39478247959498179173561838,136.3990120608170132587622174,974.9950186578438008091298561,3.987483261997546318127018354,971.0075353958462544910028377,7.118875134981898043508820095,target,36,14610.90874147754758036722458
gold_zigzag_reversal_daily,XAUUSD,15min,SHORT,2026-05-29T03:45:00,2026-05-29T04:00:00,2026-05-29T16:00:00,4508.32931000,4519.924367295,4379.24239000,4520.174367295,12.60098020195039284656438999,146.1090874147754758036722458,-149.2593324652630740153133433,4.544749470334614018894445776,-153.8040819355976880342077891,-1.052666091185537345807483567,stop,48,14457.10465954194989233301679
gold_zigzag_reversal_daily,XAUUSD,15min,SHORT,2026-05-29T21:45:00,2026-05-29T22:00:00,2026-05-30T00:00:00,4535.25497000,4546.305104025,4510.88234000,4546.555104025,13.08319394754304791550527532,144.5710465954194989233301679,-147.8418450823052609022064867,4.746849629925482187819475196,-152.5886947122307430900259619,-1.055458186861222255627799953,stop,8,14304.51596482971914924299083
gold_zigzag_reversal_daily,XAUUSD,15min,LONG,2026-06-01T14:45:00,2026-06-01T15:00:00,2026-06-01T16:15:00,4513.83334000,4507.271366015,4535.60273000,4507.021366015,21.79910496068466072902754861,143.0451596482971914924299083,-148.4949358884683566746867955,7.871802140295824866021860376,-156.3667380287641815407086559,-1.093128480636608314746313339,stop,5,14148.14922680095496770228217
gold_zigzag_reversal_daily,XAUUSD,15min,LONG,2026-06-01T19:30:00,2026-06-01T19:45:00,2026-06-01T23:00:00,4496.55281000,4487.574911725,4523.78096000,4487.324911725,15.75886559797421514859198176,141.4814922680095496770228217,-145.4212086675031034641708172,5.668845710958662994715667450,-151.0900543784617664588864846,-1.067913915498223886926364177,stop,13,13997.05917242249320124339569
gold_zigzag_reversal_daily,XAUUSD,15min,LONG,2026-06-02T00:45:00,2026-06-02T01:00:00,2026-06-02T14:45:00,4456.41078000,4442.317729710,4512.22814000,4512.07814000,9.931887621485591960690715516,139.9705917242249320124339569,552.8819637047821824888759093,3.540845684970956130264275270,549.3411180198112263586116340,3.924689545516409279768489352,target,55,14546.40029044230442760200732
gold_zigzag_reversal_daily,XAUUSD,15min,SHORT,2026-06-02T17:45:00,2026-06-02T18:00:00,2026-06-03T09:30:00,4533.89310000,4543.638485100,4464.08642000,4464.23642000,14.92644994649036950587207408,145.4640029044230442760200732,1039.726947458696791752289185,5.413994273591044441529904492,1034.312953185105747310759281,7.110439232616882425713479506,target,62,15580.71324362741017491276660
gold_zigzag_reversal_daily,XAUUSD,15min,SHORT,2026-06-04T14:15:00,2026-06-04T14:30:00,2026-06-04T14:30:00,4474.49094000,4481.553984300,4455.43984000,4481.803984300,22.05948679045862727338800154,155.8071324362741017491276660,-161.3220041338887585674746664,7.896397902796544494368921280,-169.2184020366853030618435877,-1.086076095430974431237816249,stop,0,15411.49484159072487185092301
gold_zigzag_reversal_daily,XAUUSD,15min,SHORT,2026-06-04T23:30:00,2026-06-04T23:45:00,2026-06-05T00:45:00,4508.41958000,4520.106418955,4460.18025000,4460.33025000,13.18705160645445453719005492,154.1149484159072487185092301,634.1564764298183942089298238,4.756220933200777377094998542,629.4002554966176168318348253,4.083966298960607179856531188,target,4,16040.89509708734248868275784
gold_zigzag_reversal_daily,XAUUSD,15min,LONG,2026-06-05T11:15:00,2026-06-05T11:30:00,2026-06-05T11:30:00,4455.90107000,4447.984200390,4481.29061000,4447.734200390,20.26166387384437734687253216,160.4089509708734248868275784,-165.4743669393345192235457114,7.222717578835480482673046176,-172.6970845181699997062187576,-1.076605036520236437239996428,stop,0,15868.19801256917248897653908
gold_zigzag_reversal_daily,XAUUSD,15min,LONG,2026-06-05T14:15:00,2026-06-05T14:30:00,2026-06-05T16:15:00,4441.96121000,4430.866550955,4469.07401000,4430.616550955,14.30255580474142681414554374,158.6819801256917248897653908,-162.2576190768770815933017767,5.082511847081740159079070768,-167.3401309239588217523808475,-1.054562911248076123280271566,stop,7,15700.85788164521366722415823
gold_zigzag_reversal_daily,XAUUSD,15min,SHORT,2026-06-05T18:15:00,2026-06-05T18:30:00,2026-06-05T21:45:00,4463.30551000,4470.834788990,4429.15481000,4471.084788990,20.85306960002183909939583502,157.0085788164521366722415823,-162.2218462164575964470905411,7.445889635695277645813349450,-169.6677358521528740929038906,-1.080627167834565790209880376,stop,13,15531.19014579306079313125434
gold_zigzag_reversal_daily,XAUUSD,15min,LONG,2026-06-06T04:00:00,2026-06-06T04:15:00,2026-06-06T04:30:00,4328.90081000,4319.529327210,4372.91128000,4319.279327210,16.57282043175267976257069383,155.3119014579306079313125434,-159.4551065658687778719552168,5.739367663279898011509030736,-165.1944742291486758834642475,-1.063630492437792760434659027,stop,1,15365.99567156391211724779009
gold_zigzag_reversal_daily,XAUUSD,15min,LONG,2026-06-08T14:30:00,2026-06-08T14:45:00,2026-06-08T15:30:00,4308.46823000,4299.964001060,4352.93606000,4299.714001060,18.06865240808523214245428121,153.6599567156391211724779009,-158.1771198176604292080914712,6.227857188731857425435128386,-164.4049770063922866335265996,-1.069927263552714280525942661,stop,3,15201.59069455751983061426349
gold_zigzag_reversal_daily,XAUUSD,15min,LONG,2026-06-08T19:00:00,2026-06-08T19:15:00,2026-06-08T19:30:00,4288.12269000,4279.656037550,4317.33091000,4279.406037550,17.95466482689686858542807375,152.0159069455751983061426349,-156.5045731522994154524996534,6.159344450844910757689786112,-162.6639176031443262101894395,-1.070045371379334225535618862,stop,1,15038.92677695437550440407405
gold_zigzag_reversal_daily,XAUUSD,15min,SHORT,2026-06-08T23:15:00,2026-06-08T23:30:00,2026-06-08T23:30:00,4331.90786000,4344.151002175,4272.52932000,4344.401002175,12.28355152786124980567259814,150.3892677695437550440407405,-153.4601556515090674954588901,4.256897072980572561809328038,-157.7170527244896400572682181,-1.048725451381111646692120522,stop,0,14881.20972422988586434680583
gold_zigzag_reversal_daily,XAUUSD,15min,SHORT,2026-06-09T04:00:00,2026-06-09T04:15:00,2026-06-09T09:45:00,4343.22772000,4350.257801985,4315.92577000,4316.07577000,21.16790352656162638528148805,148.8120972422988586434680583,574.7498581580249515318436995,7.354962029667856960387036712,567.3948961283570945714566628,3.812827764966669873054119155,target,22,15448.60462035824295891826249
gold_zigzag_reversal_daily,XAUUSD,15min,LONG,2026-06-10T14:00:00,2026-06-10T14:15:00,2026-06-10T18:00:00,4181.56240000,4166.815126470,4266.04904000,4166.565126470,10.47556661163946211752286017,154.4860462035824295891826249,-157.1049378564922951185633400,3.504338836954158171748637858,-160.6092766934464532903119779,-1.039636139575964046013053100,stop,15,15287.99534366479650562795051
gold_zigzag_reversal_daily,XAUUSD,15min,LONG,2026-06-10T18:45:00,2026-06-10T19:00:00,2026-06-10T21:45:00,4169.47815000,4155.132999020,4223.93616000,4154.882999020,10.65725649383496171863082790,152.8799534366479650562795051,-155.5442675601067054859372121,3.554815847199238607353414788,-159.0990834073059440932906269,-1.040679826431495669068238695,stop,11,15128.89626025749056153465988
gold_zigzag_reversal_daily,XAUUSD,15min,LONG,2026-06-11T02:30:00,2026-06-11T02:45:00,2026-06-11T05:00:00,4122.27295000,4099.136608730,4184.80080000,4098.886608730,6.539018457457898035895742076,151.2889626025749056153465988,-152.9237172169393801243205343,2.156449512538353506978491726,-155.0801667294777336312990260,-1.025059357019071148927602242,stop,9,14973.81609352801282790336085
gold_zigzag_reversal_daily,XAUUSD,15min,LONG,2026-06-11T07:30:00,2026-06-11T07:45:00,2026-06-11T08:00:00,4074.61509000,4062.776301220,4184.80080000,4062.526301220,12.64809802065580295613937024,149.7381609352801282790336085,-152.9001854404440790180684511,4.122890484381061313692166890,-157.0230759248251403317606180,-1.048651024855939696898621415,stop,1,14816.79301760318768757160023
gold_zigzag_reversal_daily,XAUUSD,15min,LONG,2026-06-11T08:30:00,2026-06-11T08:45:00,2026-06-11T08:45:00,4066.78793000,4061.353354505,4184.80080000,4061.103354505,27.26393815162777067571420356,148.1679301760318768757160023,-154.9839147139388195446445532,8.870132367944506210944197376,-163.8540470818833257555887506,-1.105867152812457157704826401,stop,0,14652.93897052130436181601148
gold_zigzag_reversal_daily,XAUUSD,15min,SHORT,2026-06-12T04:15:00,2026-06-12T04:30:00,2026-06-12T05:00:00,4151.97559000,4178.950610945,4072.32448000,4179.200610945,5.432039886233090879187086199,146.5293897052130436181601148,-147.8873996767713163379568863,1.804295760923693630450913675,-149.6916954376950099684078000,-1.021581375168789512129885762,stop,2,14503.24727508360935184760368
gold_zigzag_reversal_daily,XAUUSD,15min,SHORT,2026-06-12T06:15:00,2026-06-12T06:30:00,2026-06-12T08:30:00,4212.95809000,4226.307512755,4072.32448000,4226.557512755,10.86432540287290448600944295,145.0324727508360935184760368,-147.7485541015543196399783976,3.661675807874072975690461960,-151.4102299094283926156688596,-1.043974683997487949807609491,stop,8,14351.83704517418095923193482
gold_zigzag_reversal_daily,XAUUSD,15min,LONG,2026-06-12T16:30:00,2026-06-12T16:45:00,2026-06-12T18:15:00,4175.87900000,4166.695650680,4204.67584000,4204.52584000,15.62810750748418765282461761,143.5183704517418095923193482,447.6958952696983262204423687,5.220886876019644964119168908,442.4750083936786812563231998,3.083054852148431613837379323,target,6,14794.31205356785964048825802
gold_zigzag_reversal_daily,XAUUSD,15min,SHORT,2026-06-15T11:15:00,2026-06-15T11:30:00,2026-06-15T11:30:00,4302.25744000,4311.303392220,4213.19131000,4311.553392220,16.35462104349680020804737129,147.9431205356785964048825802,-152.0317757965527964568944230,5.628943205021173784901228080,-157.6607190015739702417956511,-1.065684693081432172322484365,stop,0,14636.65133456628567024646237
gold_zigzag_reversal_daily,XAUUSD,15min,SHORT,2026-06-15T19:15:00,2026-06-15T19:30:00,2026-06-15T22:45:00,4339.43147000,4349.508760565,4299.29446000,4349.758760565,14.52439149209575825131173279,146.3665133456628567024646237,-149.9976112186867962652925569,5.042208121872047168740344164,-155.0398193405588434340329011,-1.059257447599457999750551006,stop,13,14481.61151522572682681242947
gold_zigzag_reversal_daily,XAUUSD,15min,SHORT,2026-06-16T01:30:00,2026-06-16T01:45:00,2026-06-16T03:30:00,4358.74455000,4371.803123790,4325.82082000,4325.97082000,11.08973441365814484309961499,144.8161151522572682681242947,363.4519614449403513886391448,3.866985554918390751837684156,359.5849758900219606368014606,2.483045312408500009708946936,target,7,14841.19649111574878744923093
gold_zigzag_reversal_daily,XAUUSD,15min,LONG,2026-06-16T04:45:00,2026-06-16T05:00:00,2026-06-16T06:15:00,4325.73346000,4315.566039555,4367.57512000,4315.316039555,14.59681594894028087716129745,148.4119649111574878744923093,-152.0611688983925580937826336,5.051354812783409962570781936,-157.1125237111759680563534155,-1.058624375772039788013310587,stop,5,14684.08396740457281939287751
gold_zigzag_reversal_daily,XAUUSD,15min,LONG,2026-06-16T07:30:00,2026-06-16T07:45:00,2026-06-18T03:30:00,4309.53658000,4304.142323240,4367.57512000,4367.42512000,27.22170007977998588890469780,146.8408396740457281939287751,1575.824473936346904329295155,9.385032981088061403209488904,1566.439440955258842926085666,10.66760067861508320193494090,target,175,16250.52340835983166231896318
gold_zigzag_reversal_daily,XAUUSD,15min,LONG,2026-06-18T20:00:00,2026-06-18T20:15:00,2026-06-18T20:45:00,4263.24248000,4255.292658445,4309.41607000,4255.042658445,20.44136877278603477071248951,162.5052340835983166231896318,-167.6155762767948253158677542,6.971720936118951310820683612,-174.5872972129137766266884378,-1.074348762964151841267335214,stop,2,16075.93611114691788569227474
gold_zigzag_reversal_daily,XAUUSD,15min,LONG,2026-06-19T00:00:00,2026-06-19T00:15:00,2026-06-19T01:30:00,4241.94617000,4233.999727140,4269.30795000,4233.749727140,20.23035513420519063002772883,160.7593611114691788569227474,-165.8169498950204765144296796,6.865286198342523550973280904,-172.6822360933630000654029605,-1.074165976397645675640081303,stop,5,15903.25387505355488562687178
gold_zigzag_reversal_daily,XAUUSD,15min,LONG,2026-06-19T08:00:00,2026-06-19T08:15:00,2026-06-19T08:15:00,4208.36173000,4204.865412775,4219.76538000,4204.615412775,45.48572927347447680645417345,159.0325387505355488562687178,-170.4039710689041680578822612,15.31363218685045538592434884,-185.7176032557546234438066100,-1.167796255501386891459770216,stop,0,15717.53627179780026218306517
gold_zigzag_reversal_daily,XAUUSD,15min,LONG,2026-06-19T11:30:00,2026-06-19T11:45:00,2026-06-19T12:15:00,4185.59255000,4179.733917680,4211.05824000,4179.483917680,26.82799570497334139272809865,157.1753627179780026218306517,-163.8823616442213379700126764,8.983284716333473254560748312,-172.8656463605548112245734247,-1.099826610044031573566985682,stop,2,15544.67062543724545095849175
gold_zigzag_reversal_daily,XAUUSD,15min,SHORT,2026-06-24T03:00:00,2026-06-24T03:15:00,2026-06-24T04:15:00,4138.70135000,4145.641455470,4123.03125000,4123.18125000,22.39832044719234713728131822,155.4467062543724545095849175,347.6241731724699468053197869,7.415996725802205664538786164,340.2081764466677411407810007,2.188584014703741959126162963,target,4,15884.87880188391319209927275
gold_zigzag_reversal_daily,XAUUSD,15min,LONG,2026-06-24T07:00:00,2026-06-24T07:15:00,2026-06-24T08:30:00,4110.43867000,4104.753784255,4143.01694000,4104.503784255,27.94230089119216448227715920,158.8487880188391319209927275,-165.8343632416371730415620173,9.188409128954538823116205184,-175.0227723705917118646782225,-1.101820004757193233617046071,stop,5,15709.85602951332148023459453
gold_zigzag_reversal_daily,XAUUSD,15min,LONG,2026-06-24T14:00:00,2026-06-24T14:15:00,2026-06-25T01:45:00,4057.00361000,4044.960244850,4101.04987000,4044.710244850,13.04440730132086170303870138,157.0985602951332148023459453,-160.3596621204634302281056206,4.233696600941527495803100758,-164.5933587214049577239087214,-1.047707620058335605642580720,stop,5,15545.26267079191652251068581
gold_zigzag_reversal_daily,XAUUSD,15min,LONG,2026-06-25T02:45:00,2026-06-25T03:00:00,2026-06-25T03:30:00,4007.79267000,3988.767300340,4073.45756000,3988.517300340,8.170807163592277093506253486,155.4526267079191652251068581,-157.4953284988172344984834215,2.619752084658289520317061386,-160.1150805834755240188004829,-1.029992763546650583187669848,stop,2,15385.14759020844099849188533
gold_zigzag_reversal_daily,XAUUSD,15min,LONG,2026-06-25T13:00:00,2026-06-25T13:15:00,2026-06-25T23:00:00,3968.78764000,3957.085662880,4018.32356000,4018.17356000,13.14747707369337344806899206,153.8514759020844099849188533,649.3002509632550456364593964,4.174363560580610375248031804,645.1258874026744352612113646,4.193173212152033330928269666,target,39,16030.27347761111543375309669
gold_zigzag_reversal_daily,XAUUSD,15min,SHORT,2026-06-26T00:15:00,2026-06-26T00:30:00,2026-06-26T01:45:00,4025.02726000,4041.073735755,3971.54328000,4041.323735755,9.989902906011099652674542486,160.3027347761111543375309669,-162.8002105026139292506996025,3.216770521715831517167325232,-166.0169810243297607678669277,-1.035646592406545533087991133,stop,5,15864.25649658678567298522976
gold_zigzag_reversal_daily,XAUUSD,15min,SHORT,2026-06-26T20:30:00,2026-06-26T20:45:00,2026-06-26T22:45:00,4048.81074000,4059.875309935,3984.06375000,4060.125309935,14.33788804244815473976687351,158.6425649658678567298522976,-162.2270369764798954147940159,4.644111607614533184284001804,-166.8711485840944285990780177,-1.051868700055353755599900774,stop,8,15697.38534800269124438615174
gold_zigzag_reversal_daily,XAUUSD,15min,SHORT,2026-06-27T01:00:00,2026-06-27T01:15:00,2026-07-04T00:45:00,4079.65472000,4096.754550120,4036.04364000,4097.004550120,9.179848710685724195010980460,156.9738534800269124438615174,-159.2688156576983434926142625,2.996049049714794331903579752,-162.2648647074131378245178423,-1.033706321849705019174775287,stop,144,15535.12048329527810656163390
gold_zigzag_reversal_daily,XAUUSD,15min,SHORT,2026-07-04T03:30:00,2026-07-04T03:45:00,2026-07-05T03:00:00,4174.81741000,4178.885765030,4162.17553000,4175.15081000,38.18526251701115206398698665,155.3512048329527810656163390,-12.73096652317151809813326135,12.75331990091508630407122447,-25.48428642408660440220448582,-0.1640430561931562791853984287,eod,93,15509.63619687119150215942941
